dpi,frac
96,71.021377672209
Over 96,28.978622327791
