metrics_fb2k_is_dark_mode,frac
Light,61.4726840855107
Dark,38.5273159144893
