version,frac
v1.5 x64,5.51068883610451
v1.5 x86,12.7790973871734
v1.6 x64,41.6152019002375
v1.6 x86,39.5249406175772
Unknown,0.570071258907363
