metrics_ol_num_panels,frac
0,44.4591029023747
1,53.7467018469657
2,1.21372031662269
3,0.448548812664908
4+,0.1319261213720316
