metrics_ol_cfg_save_src,frac
<unknown>,16.152019002375303
Local files,73.3016627078385
Metadata tags,10.5463182897862
