metrics_ol_cfg_save_autosave,frac
Never,6.46080760095012
Always,87.6959619952494
Synced,5.41567695961995
Unsynced,0.427553444180523
