search_local_first,frac
Yes,72.874109263658
No,27.125890736342
