timebucket,frac
< 0.5,3.80047505938242
0.5,91.021377672209
> 0.5,2.32779097387173
Continuous,2.85035629453682
