version,frac
v1.5.*,0.855106888361045
v1.6.*,30.9738717339667
v2.0 beta,18.7648456057007
v2.0,49.4061757719715
